<?xml version="1.0" encoding="UTF-8"?>
<students a = 'aaa' b ='bbb'>adfafa
	<student name = 'ada' title ='453'>liaojie
		<name>111</name>
	</student>
	<student name="index" title="Home Page">xuxueli
		<name>张三</name>
		<age>18</age>
		<score>89</score>
	</student>
	<student name="sleeping" title="Sleeping">liaotianqi
		<name>李四</name>
		<age>19</age>
		<score>81</score>
	</student>
	<student  name="eating" title="Eating">xue
		<name>王五</name>
		<age>17</age>
		<score>92</score>
	</student>
</students>
